t,x,y,theta
0.0000,719,596,-0.4644
0.0400,723,598,-0.4566
0.0800,737,603,-0.4307
0.1200,759,612,-0.3890
0.1600,789,622,-0.3334
0.2000,825,633,-0.2672
0.2400,867,644,-0.1909
0.2800,915,651,-0.1056
0.3200,965,653,-0.0176
0.3600,1013,652,0.0669
0.4000,1061,646,0.1521
0.4400,1103,636,0.2283
0.4800,1139,626,0.2943
0.5200,1168,617,0.3480
0.5600,1189,609,0.3877
0.6000,1201,603,0.4114
0.6400,1205,602,0.4186
0.6800,1201,605,0.4100
0.7200,1187,610,0.3838
0.7600,1164,618,0.3408
0.8000,1134,628,0.2849
0.8400,1096,640,0.2147
0.8800,1052,649,0.1357
0.9200,1005,653,0.0528
0.9600,955,655,-0.0351
1.0000,906,652,-0.1211
1.0400,861,644,-0.2012
1.0800,820,633,-0.2756
1.1200,786,622,-0.3384
1.1600,758,614,-0.3893
1.2000,739,605,-0.4260
1.2400,728,600,-0.4472
1.2800,726,599,-0.4511
1.3200,731,601,-0.4417
1.3600,746,607,-0.4134
1.4000,769,615,-0.3707
1.4400,800,626,-0.3129
1.4800,838,638,-0.2429
1.5200,881,646,-0.1660
1.5600,927,652,-0.0845
1.6000,976,653,0.0018
1.6400,1024,650,0.0865
1.6800,1068,644,0.1649
1.7200,1108,635,0.2373
1.7600,1141,626,0.2977
1.8000,1168,617,0.3480
1.8400,1187,609,0.3844
1.8800,1198,605,0.4051
1.9200,1200,605,0.4084
1.9600,1193,608,0.3949
2.0000,1178,614,0.3664
2.0400,1153,622,0.3201
2.0800,1121,632,0.2608
2.1200,1084,642,0.1932
2.1600,1039,651,0.1126
2.2000,992,654,0.0299
2.2400,944,654,-0.0544
2.2800,897,650,-0.1372
2.3200,853,643,-0.2153
2.3600,815,633,-0.2841
2.4000,782,623,-0.3444
2.4400,757,613,-0.3916
2.4800,740,606,-0.4237
2.5200,731,602,-0.4410
2.5600,731,601,-0.4417
2.6000,739,605,-0.4260
2.6400,756,611,-0.3945
2.6800,781,618,-0.3491
2.7200,813,629,-0.2894
2.7600,850,639,-0.2219
2.8000,893,647,-0.1449
2.8400,939,652,-0.0634
2.8800,986,653,0.0194
2.9200,1032,650,0.1005
2.9600,1076,643,0.1791
3.0000,1113,635,0.2458
3.0400,1145,626,0.3045
3.0800,1170,618,0.3507
3.1200,1187,612,0.3825
3.1600,1195,609,0.3975
3.2000,1194,609,0.3959
3.2400,1186,613,0.3802
3.2800,1168,619,0.3468
3.3200,1142,627,0.2989
3.3600,1109,636,0.2386
3.4000,1070,644,0.1683
3.4400,1027,650,0.0918
3.4800,980,653,0.0088
3.5200,933,652,-0.0739
3.5600,888,648,-0.1533
3.6000,846,640,-0.2284
3.6400,811,630,-0.2923
3.6800,780,620,-0.3495
3.7200,758,612,-0.3906
3.7600,743,606,-0.4189
3.8000,737,604,-0.4300
3.8400,738,604,-0.4284
3.8800,748,609,-0.4088
3.9200,767,615,-0.3740
3.9600,792,624,-0.3273
4.0000,825,632,-0.2676
4.0400,863,643,-0.1981
4.0800,906,650,-0.1215
4.1200,952,654,-0.0404
4.1600,998,653,0.0405
4.2000,1042,650,0.1180
4.2400,1083,642,0.1915
4.2800,1119,634,0.2565
4.3200,1148,626,0.3095
4.3600,1171,618,0.3524
4.4000,1184,613,0.3769
4.4400,1190,611,0.3880
4.4800,1188,612,0.3841
4.5200,1176,616,0.3619
4.5600,1157,623,0.3262
4.6000,1130,632,0.2761
4.6400,1096,640,0.2147
4.6800,1057,647,0.1449
4.7200,1013,652,0.0669
4.7600,967,654,-0.0141
4.8000,922,652,-0.0932
4.8400,879,646,-0.1695
4.8800,839,638,-0.2411
4.9200,805,629,-0.3029
4.9600,778,620,-0.3528
5.0000,758,612,-0.3906
5.0400,745,607,-0.4150
5.0800,741,605,-0.4229
5.1200,745,607,-0.4150
5.1600,757,612,-0.3922
5.2000,777,619,-0.3551
5.2400,804,627,-0.3056
5.2800,838,636,-0.2437
5.3200,877,644,-0.1735
5.3600,920,650,-0.0970
5.4000,965,653,-0.0176
5.4400,1009,651,0.0600
5.4800,1052,647,0.1362
5.5200,1091,639,0.2064
5.5600,1124,631,0.2664
5.6000,1151,623,0.3162
5.6400,1170,616,0.3519
5.6800,1182,612,0.3743
5.7200,1186,611,0.3815
5.7600,1181,613,0.3720
5.8000,1167,618,0.3458
5.8400,1146,625,0.3067
5.8800,1118,632,0.2557
5.9200,1083,641,0.1919
5.9600,1043,648,0.1202
6.0000,1000,652,0.0441
6.0400,955,652,-0.0353
6.0800,911,650,-0.1128
6.1200,870,644,-0.1857
6.1600,833,635,-0.2527
6.2000,802,626,-0.3095
6.2400,777,619,-0.3551
6.2800,759,613,-0.3883
6.3200,749,608,-0.4079
6.3600,747,608,-0.4111
6.4000,753,610,-0.4001
6.4400,767,615,-0.3740
6.4800,789,622,-0.3334
6.5200,818,630,-0.2805
6.5600,852,639,-0.2185
6.6000,891,647,-0.1484
6.6400,934,651,-0.0723
6.6800,977,652,0.0035
6.7200,1021,650,0.0812
6.7600,1061,645,0.1524
6.8000,1098,638,0.2189
6.8400,1129,630,0.2754
6.8800,1152,623,0.3178
6.9200,1169,618,0.3491
6.9600,1178,614,0.3664
7.0000,1179,614,0.3681
7.0400,1172,617,0.3546
7.0800,1157,622,0.3268
7.1200,1134,630,0.2839
7.1600,1104,639,0.2288
7.2000,1068,645,0.1646
7.2400,1028,651,0.0934
7.2800,985,655,0.0175
7.3200,941,654,-0.0597
7.3600,899,651,-0.1335
7.4000,860,644,-0.2029
7.4400,825,636,-0.2658
7.4800,796,627,-0.3190
7.5200,774,619,-0.3600
7.5600,759,614,-0.3877
7.6000,752,611,-0.4010
7.6400,753,611,-0.3994
7.6800,761,614,-0.3844
7.7200,778,620,-0.3528
7.7600,801,628,-0.3101
7.8000,831,635,-0.2561
7.8400,866,643,-0.1929
7.8800,906,649,-0.1217
7.9200,948,653,-0.0475
7.9600,991,653,0.0282
8.0000,1032,650,0.1005
8.0400,1071,643,0.1704
8.0800,1105,635,0.2321
8.1200,1133,628,0.2832
8.1600,1155,622,0.3234
8.2000,1169,618,0.3491
8.2400,1175,616,0.3602
8.2800,1173,616,0.3569
8.3200,1164,619,0.3402
8.3600,1146,625,0.3067
8.4000,1121,633,0.2604
8.4400,1090,640,0.2043
8.4800,1054,647,0.1397
8.5200,1013,651,0.0670
8.5600,971,653,-0.0070
8.6000,929,651,-0.0811
8.6400,889,646,-0.1521
8.6800,852,640,-0.2181
8.7200,819,633,-0.2773
8.7600,793,626,-0.3245
8.8000,773,619,-0.3616
8.8400,761,614,-0.3844
8.8800,757,613,-0.3916
8.9200,760,614,-0.3860
8.9600,770,617,-0.3678
9.0000,788,623,-0.3345
9.0400,813,629,-0.2894
9.0800,844,638,-0.2326
9.1200,881,644,-0.1666
9.1600,921,649,-0.0955
9.2000,962,652,-0.0229
9.2400,1004,651,0.0512
9.2800,1044,648,0.1219
9.3200,1080,641,0.1867
9.3600,1112,633,0.2450
9.4000,1137,628,0.2899
9.4400,1156,622,0.3251
9.4800,1167,619,0.3452
9.5200,1171,618,0.3524
9.5600,1167,619,0.3452
9.6000,1154,624,0.3206
9.6400,1135,631,0.2851
9.6800,1109,638,0.2377
9.7200,1076,646,0.1781
9.7600,1039,652,0.1124
9.8000,998,654,0.0404
9.8400,957,655,-0.0316
9.8800,916,652,-0.1037
9.9200,877,645,-0.1732
9.9600,843,637,-0.2347
10.0000,813,630,-0.2889
10.0400,789,623,-0.3329
10.0800,773,617,-0.3629
10.1200,764,613,-0.3802
10.1600,762,613,-0.3834
10.2000,767,615,-0.3740
10.2400,780,619,-0.3501
10.2800,800,626,-0.3129
10.3200,827,635,-0.2629
10.3600,859,643,-0.2050
10.4000,896,648,-0.1394
10.4400,935,653,-0.0703
10.4800,976,654,0.0018
10.5200,1017,652,0.0739
10.5600,1055,647,0.1414
10.6000,1089,641,0.2022
10.6400,1118,634,0.2548
10.6800,1141,627,0.2972
10.7200,1157,622,0.3268
10.7600,1166,619,0.3435
10.8000,1166,619,0.3435
10.8400,1160,621,0.3323
10.8800,1145,626,0.3045
10.9200,1123,633,0.2638
10.9600,1095,639,0.2133
11.0000,1061,646,0.1521
11.0400,1024,652,0.0862
11.0800,983,655,0.0140
11.1200,942,654,-0.0579
11.1600,903,650,-0.1268
11.2000,866,645,-0.1922
11.2400,835,636,-0.2488
11.2800,808,629,-0.2979
11.3200,787,622,-0.3368
11.3600,774,617,-0.3612
11.4000,767,614,-0.3746
11.4400,767,614,-0.3746
11.4800,775,617,-0.3596
11.5200,790,622,-0.3318
11.5600,812,629,-0.2911
11.6000,840,637,-0.2399
11.6400,874,644,-0.1788
11.6800,911,650,-0.1128
11.7200,950,654,-0.0439
11.7600,990,654,0.0264
11.8000,1030,651,0.0969
11.8400,1066,647,0.1605
11.8800,1097,640,0.2164
11.9200,1124,633,0.2655
11.9600,1144,627,0.3023
12.0000,1157,622,0.3268
12.0400,1163,620,0.3379
12.0800,1161,621,0.3340
12.1200,1151,624,0.3156
12.1600,1134,630,0.2839
12.2000,1111,636,0.2420
12.2400,1081,643,0.1877
12.2800,1046,649,0.1252
12.3200,1008,654,0.0579
12.3600,968,655,-0.0123
12.4000,929,653,-0.0808
12.4400,891,649,-0.1478
12.4800,857,642,-0.2088
12.5200,827,633,-0.2638
12.5600,803,627,-0.3073
12.6000,785,621,-0.3407
12.6400,774,617,-0.3612
12.6800,770,615,-0.3691
12.7200,773,616,-0.3635
12.7600,784,620,-0.3429
12.8000,801,626,-0.3112
12.8400,825,633,-0.2672
12.8800,855,641,-0.2126
12.9200,889,647,-0.1518
12.9600,926,652,-0.0862
13.0000,965,654,-0.0176
13.0400,1004,653,0.0510
13.0800,1041,649,0.1165
13.1200,1075,642,0.1776
13.1600,1105,636,0.2317
13.2000,1128,630,0.2737
13.2400,1146,626,0.3061
13.2800,1156,622,0.3251
13.3200,1159,622,0.3301
13.3600,1154,624,0.3206
13.4000,1142,627,0.2989
13.4400,1123,633,0.2638
13.4800,1097,641,0.2160
13.5200,1066,648,0.1602
13.5600,1031,653,0.0983
13.6000,993,654,0.0316
13.6400,954,654,-0.0369
13.6800,916,651,-0.1039
13.7200,880,645,-0.1680
13.7600,848,638,-0.2257
13.8000,820,632,-0.2761
13.8400,799,625,-0.3151
13.8800,784,620,-0.3429
13.9200,776,617,-0.3579
13.9600,775,617,-0.3596
14.0000,781,619,-0.3485
14.0400,794,624,-0.3240
14.0800,813,630,-0.2889
14.1200,838,638,-0.2429
14.1600,869,644,-0.1874
14.2000,903,649,-0.1270
14.2400,941,652,-0.0599
14.2800,979,652,0.0071
14.3200,1017,650,0.0742
14.3600,1053,646,0.1382
14.4000,1085,641,0.1953
14.4400,1111,635,0.2424
14.4800,1132,630,0.2805
14.5200,1146,626,0.3061
14.5600,1154,624,0.3206
14.6000,1154,625,0.3201
14.6400,1146,628,0.3051
14.6800,1132,632,0.2795
14.7200,1111,638,0.2411
14.7600,1084,644,0.1926
14.8000,1051,648,0.1342
14.8400,1015,651,0.0706
14.8800,978,653,0.0053
14.9200,940,652,-0.0617
14.9600,903,647,-0.1274
15.0000,868,643,-0.1895
15.0400,839,637,-0.2416
15.0800,815,630,-0.2856
15.1200,797,625,-0.3184
15.1600,784,622,-0.3417
15.2400,781,620,-0.3479
15.2800,789,623,-0.3329
15.3200,804,627,-0.3056
15.3600,826,632,-0.2659
15.4000,853,638,-0.2171
15.4400,885,644,-0.1596
15.4800,919,648,-0.0991
15.5200,956,652,-0.0335
15.5600,993,652,0.0317
15.6000,1029,649,0.0955
15.6400,1063,645,0.1559
15.6800,1092,641,0.2074
15.7200,1116,636,0.2505
15.7600,1135,631,0.2851
15.8000,1146,627,0.3056
15.8400,1151,626,0.3145
15.8800,1147,626,0.3078
15.9200,1137,628,0.2899
15.9600,1120,633,0.2587
16.0000,1097,639,0.2168
16.0400,1068,645,0.1646
16.0800,1035,650,0.1058
16.1200,1000,651,0.0441
16.1600,963,652,-0.0212
16.2000,926,651,-0.0864
16.2400,891,647,-0.1484
16.2800,860,642,-0.2036
16.3200,832,636,-0.2539
16.3600,811,629,-0.2928
16.4000,795,623,-0.3229
16.4400,787,620,-0.3379
16.4800,784,619,-0.3435
16.5200,788,620,-0.3363
16.5600,799,624,-0.3156
16.6000,816,629,-0.2844
16.6400,838,636,-0.2437
16.6800,866,642,-0.1932
16.7200,899,648,-0.1342
16.7600,934,652,-0.0722
16.8000,971,653,-0.0070
16.8400,1007,652,0.0564
16.8800,1042,648,0.1184
16.9200,1073,643,0.1739
16.9600,1100,638,0.2223
17.0000,1121,633,0.2604
17.0400,1136,629,0.2877
17.0800,1144,626,0.3028
17.1200,1146,627,0.3056
17.1600,1141,628,0.2967
17.2000,1128,632,0.2727
17.2400,1109,637,0.2381
17.2800,1084,643,0.1929
17.3200,1054,648,0.1394
17.3600,1020,651,0.0793
17.4000,984,652,0.0159
17.4400,948,651,-0.0477
17.4800,913,648,-0.1097
17.5200,880,644,-0.1683
17.5600,851,638,-0.2206
17.6000,826,633,-0.2655
17.6400,807,627,-0.3006
17.6800,794,623,-0.3245
17.7200,787,621,-0.3373
17.7600,787,622,-0.3368
17.8000,794,624,-0.3240
17.8400,808,628,-0.2984
17.8800,827,633,-0.2638
17.9200,852,639,-0.2185
17.9600,882,644,-0.1649
18.0000,914,648,-0.1079
18.0400,949,651,-0.0459
18.0800,985,651,0.0177
18.1200,1020,649,0.0796
18.1600,1052,646,0.1364
18.2000,1081,642,0.1881
18.2400,1106,637,0.2330
18.2800,1125,633,0.2672
18.3200,1137,630,0.2889
18.3600,1143,629,0.2995
18.4000,1141,629,0.2962
18.4400,1133,631,0.2817
18.4800,1118,636,0.2539
18.5200,1096,641,0.2143
18.5600,1069,644,0.1666
18.6000,1039,648,0.1132
18.6400,1005,650,0.0530
18.6800,970,652,-0.0088
18.7200,935,650,-0.0707
18.7600,900,646,-0.1329
18.8000,870,642,-0.1863
18.8400,843,637,-0.2347
18.8800,821,631,-0.2749
18.9200,804,627,-0.3056
18.9600,794,624,-0.3240
19.0000,791,622,-0.3301
19.0400,794,623,-0.3245
19.0800,803,626,-0.3078
19.1200,819,631,-0.2783
19.1600,840,636,-0.2403
19.2000,866,641,-0.1936
19.2400,897,646,-0.1382
19.2800,930,649,-0.0796
19.3200,964,651,-0.0194
19.3600,999,651,0.0424
19.4000,1032,648,0.1009
19.4400,1063,644,0.1561
19.4800,1089,640,0.2026
19.5200,1111,636,0.2420
19.5600,1127,632,0.2710
19.6000,1136,629,0.2877
19.6400,1139,629,0.2928
19.6800,1135,630,0.2856
19.7200,1124,634,0.2650
19.7600,1106,638,0.2326
19.8000,1083,644,0.1909
19.8400,1055,648,0.1412
19.8800,1023,652,0.0845
19.9200,989,653,0.0246
19.9600,954,652,-0.0370
20.0000,920,649,-0.0972
20.0400,889,644,-0.1526
20.0800,860,639,-0.2047
20.1200,836,634,-0.2480
20.1600,817,629,-0.2827
20.2000,804,625,-0.3067
20.2400,797,623,-0.3195
20.2800,796,622,-0.3218
20.3200,801,624,-0.3123
20.3600,812,628,-0.2916
20.4000,830,633,-0.2587
20.4400,853,639,-0.2168
20.4800,880,645,-0.1680
20.5200,911,649,-0.1130
20.5600,944,652,-0.0546
20.6000,979,654,0.0070
20.6400,1013,653,0.0668
20.6800,1044,650,0.1215
20.7200,1073,645,0.1732
20.7600,1097,640,0.2164
20.8000,1116,635,0.2510
20.8400,1129,632,0.2744
20.8800,1135,630,0.2856
20.9200,1134,629,0.2844
20.9600,1127,631,0.2715
21.0000,1113,635,0.2458
21.0400,1094,639,0.2116
21.0800,1069,644,0.1666
21.1200,1040,648,0.1149
21.1600,1007,650,0.0566
21.2000,973,652,-0.0035
21.2400,940,651,-0.0618
21.2800,908,648,-0.1184
21.3200,878,644,-0.1718
21.3600,851,639,-0.2202
21.4000,830,634,-0.2582
21.4400,814,629,-0.2877
21.4800,803,626,-0.3078
21.5200,799,625,-0.3151
21.5600,800,625,-0.3134
21.6000,808,628,-0.2984
21.6400,822,632,-0.2727
21.6800,842,637,-0.2364
21.7200,866,642,-0.1932
21.7600,895,647,-0.1414
21.8000,927,649,-0.0849
21.8400,960,651,-0.0265
21.8800,993,651,0.0318
21.9200,1025,649,0.0884
21.9600,1055,645,0.1419
22.0000,1081,642,0.1881
22.0400,1103,637,0.2279
22.0800,1119,633,0.2570
22.1200,1129,631,0.2749
22.1600,1132,630,0.2805
22.2000,1128,631,0.2732
22.2400,1119,634,0.2565
22.2800,1103,638,0.2275
22.3200,1081,642,0.1881
22.3600,1055,647,0.1414
22.4000,1025,651,0.0881
22.4400,992,652,0.0300
22.4800,959,653,-0.0282
22.5200,926,651,-0.0864
22.5600,895,648,-0.1412
22.6000,867,643,-0.1912
22.6400,843,638,-0.2343
22.6800,824,633,-0.2689
22.7200,811,629,-0.2928
22.7600,803,626,-0.3078
22.8000,802,625,-0.3100
22.8400,807,626,-0.3011
22.8800,817,630,-0.2822
22.9200,833,634,-0.2531
22.9600,855,639,-0.2133
23.0000,881,644,-0.1666
23.0400,910,648,-0.1149
23.0800,942,651,-0.0582
23.1200,975,653,0.0000
23.1600,1006,651,0.0547
23.2000,1037,648,0.1097
23.2400,1065,645,0.1594
23.2800,1089,641,0.2022
23.3200,1108,636,0.2368
23.3600,1121,633,0.2604
23.4000,1127,631,0.2715
23.4400,1128,631,0.2732
23.4800,1122,633,0.2621
23.5200,1109,636,0.2386
23.5600,1091,640,0.2060
23.6000,1067,644,0.1631
23.6400,1040,648,0.1149
23.6800,1009,651,0.0600
23.7200,977,651,0.0035
23.7600,944,651,-0.0547
23.8000,913,648,-0.1097
23.8400,884,645,-0.1611
23.8800,858,640,-0.2078
23.9200,837,635,-0.2458
23.9600,821,630,-0.2754
24.0000,810,627,-0.2955
24.0400,805,625,-0.3050
24.0800,807,626,-0.3011
24.1200,813,628,-0.2899
24.1600,826,631,-0.2664
24.2000,845,636,-0.2317
24.2400,868,641,-0.1901
24.2800,895,646,-0.1416
24.3200,925,650,-0.0883
24.3600,956,652,-0.0335
24.4000,988,651,0.0230
24.4400,1020,650,0.0795
24.4800,1049,648,0.1307
24.5200,1074,644,0.1753
24.5600,1095,640,0.2129
24.6000,1111,636,0.2420
24.6400,1121,634,0.2599
24.6800,1125,633,0.2672
24.7200,1123,634,0.2633
24.7600,1114,636,0.2471
24.8000,1099,639,0.2202
24.8400,1079,644,0.1839
24.8800,1054,648,0.1394
24.9200,1026,651,0.0899
24.9600,995,653,0.0352
25.0000,963,653,-0.0211
25.0400,932,652,-0.0757
25.0800,901,649,-0.1305
25.1200,874,644,-0.1788
25.1600,851,639,-0.2202
25.2000,832,634,-0.2548
25.2400,819,630,-0.2788
25.2800,811,628,-0.2933
25.3200,809,627,-0.2972
25.3600,813,628,-0.2899
25.4000,822,631,-0.2732
25.4400,837,635,-0.2458
25.4800,857,640,-0.2095
25.5200,882,645,-0.1646
25.5600,909,649,-0.1165
25.6000,940,652,-0.0617
25.6400,971,654,-0.0070
25.6800,1002,653,0.0475
25.7200,1032,651,0.1004
25.7600,1059,647,0.1484
25.8000,1082,643,0.1895
25.8400,1101,639,0.2236
25.8800,1114,636,0.2471
25.9200,1121,634,0.2599
25.9600,1122,634,0.2616
26.0000,1117,635,0.2527
26.0400,1105,638,0.2309
26.0800,1088,642,0.2002
26.1200,1066,646,0.1608
26.1600,1040,650,0.1145
26.2000,1011,652,0.0634
26.2400,980,653,0.0088
26.2800,948,652,-0.0476
26.3200,918,650,-0.1005
26.3600,890,645,-0.1506
26.4000,865,641,-0.1953
26.4400,844,636,-0.2334
26.4800,828,632,-0.2625
26.5200,817,629,-0.2827
26.5600,812,627,-0.2921
26.6000,812,627,-0.2921
26.6400,819,629,-0.2793
26.6800,831,632,-0.2574
26.7200,847,637,-0.2279
26.7600,869,642,-0.1881
26.8000,895,645,-0.1419
26.8400,923,649,-0.0919
26.8800,953,651,-0.0388
26.9200,984,651,0.0159
26.9600,1014,649,0.0690
27.0000,1042,647,0.1187
27.0400,1067,644,0.1631
27.0800,1088,641,0.2005
27.1200,1104,637,0.2296
27.1600,1114,635,0.2475
27.2000,1118,634,0.2548
27.2400,1116,634,0.2514
27.2800,1108,636,0.2368
27.3200,1094,639,0.2116
27.3600,1075,643,0.1773
27.4000,1052,646,0.1364
27.4400,1025,650,0.0883
27.4800,996,651,0.0371
27.5200,965,652,-0.0176
27.5600,935,651,-0.0706
27.6000,906,648,-0.1219
27.6400,880,644,-0.1683
27.6800,857,640,-0.2095
27.7200,839,636,-0.2420
27.7600,825,632,-0.2676
27.8000,817,630,-0.2822
27.8400,815,629,-0.2861
27.8800,818,630,-0.2805
27.9200,826,632,-0.2659
27.9600,840,636,-0.2403
28.0000,859,641,-0.2057
28.0400,883,645,-0.1628
28.0800,909,649,-0.1165
28.1200,938,652,-0.0652
28.1600,968,654,-0.0123
28.2000,998,653,0.0405
28.2400,1027,651,0.0916
28.2800,1053,648,0.1377
28.3200,1076,644,0.1788
28.3600,1094,640,0.2112
28.4000,1107,637,0.2347
28.4400,1114,635,0.2475
28.4800,1115,635,0.2493
28.5200,1111,636,0.2420
28.5600,1100,638,0.2223
28.6000,1084,641,0.1936
28.6400,1063,645,0.1559
28.6800,1039,649,0.1130
28.7200,1011,651,0.0635
28.7600,981,651,0.0106
28.8000,951,651,-0.0424
28.8400,922,648,-0.0939
28.8800,895,645,-0.1419
28.9200,870,641,-0.1867
28.9600,850,638,-0.2223
29.0000,834,634,-0.2514
29.0400,823,631,-0.2715
29.0800,818,630,-0.2805
29.1200,818,630,-0.2805
29.1600,824,631,-0.2698
29.2000,835,635,-0.2493
29.2400,851,639,-0.2202
29.2800,872,643,-0.1825
29.3200,896,648,-0.1394
29.3600,924,652,-0.0897
29.4000,953,653,-0.0387
29.4400,983,654,0.0141
29.4800,1012,652,0.0652
29.5200,1039,649,0.1130
29.5600,1063,646,0.1556
29.6000,1082,642,0.1898
29.6400,1098,639,0.2185
29.6800,1108,637,0.2364
29.7200,1112,635,0.2441
29.7600,1111,636,0.2420
29.8000,1103,637,0.2279
29.8400,1090,640,0.2043
29.8800,1072,644,0.1718
29.9200,1050,647,0.1327
29.9600,1024,650,0.0865
30.0000,996,651,0.0371
30.0400,967,652,-0.0141
30.0800,938,651,-0.0653
30.1200,910,648,-0.1149
30.1600,884,646,-0.1608
30.2000,862,642,-0.2002
30.2400,844,637,-0.2330
30.2800,831,634,-0.2565
30.3200,822,631,-0.2732
30.3600,820,630,-0.2771
30.4000,822,631,-0.2732
30.4400,830,633,-0.2587
30.4800,844,637,-0.2330
30.5200,862,641,-0.2005
30.5600,884,645,-0.1611
30.6000,910,648,-0.1149
30.6400,938,651,-0.0653
30.6800,967,652,-0.0141
30.7200,996,651,0.0371
30.7600,1023,649,0.0849
30.8000,1049,647,0.1309
30.8400,1071,644,0.1701
30.8800,1088,641,0.2005
30.9200,1100,638,0.2223
30.9600,1108,637,0.2364
31.0000,1109,637,0.2381
31.0400,1105,638,0.2309
31.0800,1095,641,0.2126
31.1200,1080,644,0.1857
31.1600,1061,648,0.1516
31.2000,1037,651,0.1091
31.2400,1010,653,0.0615
31.2800,982,654,0.0123
31.3200,953,654,-0.0386
31.3600,925,652,-0.0880
31.4000,898,648,-0.1359
31.4400,874,643,-0.1791
31.4800,854,639,-0.2150
31.5200,839,635,-0.2424
31.5600,829,632,-0.2608
31.6000,823,630,-0.2720
31.6400,823,630,-0.2720
31.6800,829,631,-0.2613
31.7200,839,635,-0.2424
31.7600,855,638,-0.2137
31.8000,875,643,-0.1773
31.8400,898,647,-0.1362
31.8800,924,651,-0.0899
31.9200,952,653,-0.0405
31.9600,981,654,0.0105
32.0000,1008,653,0.0580
32.0400,1035,651,0.1056
32.0800,1058,648,0.1464
32.1200,1078,645,0.1819
32.1600,1092,641,0.2074
32.2000,1102,638,0.2257
32.2400,1107,637,0.2347
32.2800,1106,637,0.2330
32.3200,1099,639,0.2202
32.3600,1087,641,0.1988
32.4000,1070,644,0.1683
32.4400,1048,647,0.1292
32.4800,1023,650,0.0848
32.5200,996,652,0.0370
32.5600,967,651,-0.0141
32.6000,939,651,-0.0635
32.6400,912,649,-0.1112
32.6800,887,646,-0.1556
32.7200,866,642,-0.1932
32.7600,849,639,-0.2236
32.8000,836,635,-0.2475
32.8400,828,633,-0.2621
32.8800,825,632,-0.2676
32.9200,828,633,-0.2621
32.9600,836,634,-0.2480
33.0000,848,637,-0.2261
33.0400,865,640,-0.1957
33.0800,886,644,-0.1579
33.1200,911,648,-0.1132
33.1600,937,651,-0.0670
33.2000,965,652,-0.0176
33.2400,993,652,0.0317
33.2800,1020,650,0.0795
33.3200,1045,648,0.1237
33.3600,1066,645,0.1611
33.4000,1084,642,0.1932
33.4400,1096,640,0.2147
33.4800,1103,639,0.2271
33.5200,1105,639,0.2305
33.5600,1101,640,0.2232
33.6000,1091,642,0.2053
33.6400,1076,645,0.1784
33.6800,1057,648,0.1446
33.7200,1034,651,0.1039
33.7600,1008,653,0.0580
33.8000,981,653,0.0106
33.8400,953,653,-0.0387
33.8800,926,650,-0.0865
33.9200,901,647,-0.1309
33.9600,879,643,-0.1704
34.0000,859,639,-0.2064
34.0400,845,636,-0.2317
34.0800,834,633,-0.2518
34.1200,829,632,-0.2608
34.1600,828,631,-0.2630
34.2000,833,633,-0.2535
34.2400,843,635,-0.2355
34.2800,858,639,-0.2081
34.3200,877,644,-0.1735
34.3600,899,648,-0.1342
34.4000,925,651,-0.0881
34.4400,952,654,-0.0404
34.4800,979,654,0.0070
34.5200,1006,653,0.0545
34.5600,1032,651,0.1004
34.6000,1055,648,0.1412
34.6400,1073,644,0.1735
34.6800,1088,641,0.2005
34.7200,1097,639,0.2168
34.7600,1102,638,0.2257
34.8000,1101,638,0.2240
34.8400,1094,640,0.2112
34.8800,1082,642,0.1898
34.9200,1066,645,0.1611
34.9600,1046,648,0.1254
35.0000,1022,651,0.0828
35.0400,995,652,0.0353
35.0800,968,652,-0.0123
35.1200,941,652,-0.0599
35.1600,915,650,-0.1058
35.2000,891,647,-0.1484
35.2400,870,643,-0.1860
35.2800,852,640,-0.2181
35.3200,840,636,-0.2403
35.3600,832,634,-0.2548
35.4000,829,633,-0.2604
35.4400,831,634,-0.2565
35.4800,839,635,-0.2424
35.5200,851,638,-0.2206
35.5600,868,641,-0.1901
35.6000,889,645,-0.1524
35.6400,912,648,-0.1114
35.6800,938,651,-0.0653
35.7200,965,651,-0.0177
35.7600,992,651,0.0300
35.8000,1018,650,0.0760
35.8400,1042,649,0.1182
35.8800,1062,646,0.1539
35.9200,1079,643,0.1843
35.9600,1091,641,0.2057
36.0000,1098,640,0.2181
36.0400,1100,640,0.2215
36.0800,1096,641,0.2143
36.1200,1087,643,0.1981
36.1600,1073,646,0.1729
36.2000,1055,649,0.1409
36.2400,1033,651,0.1021
36.2800,1008,653,0.0580
36.3200,982,654,0.0123
36.3600,955,653,-0.0352
36.4000,929,651,-0.0811
36.4400,903,648,-0.1272
36.4800,881,644,-0.1666
36.5200,863,641,-0.1988
36.5600,848,637,-0.2261
36.6000,838,634,-0.2446
36.6400,833,633,-0.2535
36.6800,833,633,-0.2535
36.7200,838,634,-0.2446
36.7600,848,637,-0.2261
36.8000,862,640,-0.2009
36.8400,880,644,-0.1683
36.8800,902,648,-0.1289
36.9200,926,651,-0.0864
36.9600,952,653,-0.0405
37.0000,978,654,0.0053
37.0400,1004,654,0.0509
37.0800,1029,652,0.0950
37.1200,1051,649,0.1339
37.1600,1069,646,0.1660
37.2000,1083,643,0.1912
37.2400,1093,641,0.2091
37.2800,1097,639,0.2168
37.3200,1096,640,0.2147
37.3600,1090,641,0.2040
37.4000,1079,643,0.1843
37.4400,1063,646,0.1556
37.4800,1043,649,0.1200
37.5200,1020,651,0.0793
37.5600,995,652,0.0353
37.6000,968,652,-0.0123
37.6400,942,651,-0.0582
37.6800,917,649,-0.1025
37.7200,894,646,-0.1434
37.7600,874,643,-0.1791
37.8000,857,639,-0.2099
37.8400,845,637,-0.2313
37.8800,837,635,-0.2458
37.9200,834,635,-0.2510
37.9600,837,635,-0.2458
38.0000,844,637,-0.2330
38.0400,855,640,-0.2129
38.0800,871,644,-0.1839
38.1200,891,647,-0.1484
38.1600,914,650,-0.1075
38.2000,939,652,-0.0634
38.2400,965,653,-0.0176
38.2800,991,652,0.0282
38.3200,1016,651,0.0723
38.3600,1039,649,0.1130
38.4000,1059,647,0.1484
38.4400,1075,643,0.1773
38.4800,1086,641,0.1970
38.5200,1093,640,0.2095
38.5600,1095,640,0.2129
38.6000,1091,641,0.2057
38.6400,1083,642,0.1915
38.6800,1069,645,0.1663
38.7200,1052,647,0.1362
38.7600,1031,650,0.0988
38.8000,1007,652,0.0564
38.8400,981,653,0.0106
38.8800,955,653,-0.0352
38.9200,930,652,-0.0792
38.9600,906,649,-0.1217
39.0000,884,646,-0.1608
39.0400,866,643,-0.1929
39.0800,852,639,-0.2185
39.1200,842,637,-0.2364
39.1600,837,635,-0.2458
39.2000,837,635,-0.2458
39.2400,841,636,-0.2386
39.2800,850,639,-0.2219
39.3200,864,642,-0.1967
39.3600,882,645,-0.1646
39.4000,903,648,-0.1272
39.4400,927,651,-0.0846
39.4800,952,653,-0.0405
39.5200,977,653,0.0035
39.5600,1003,652,0.0493
39.6000,1027,650,0.0918
39.6400,1048,648,0.1289
39.6800,1066,645,0.1611
39.7200,1080,643,0.1860
39.7600,1089,641,0.2022
39.8000,1093,640,0.2095
39.8400,1092,640,0.2078
39.8800,1086,642,0.1967
39.9200,1075,644,0.1770
39.9600,1059,646,0.1486
40.0000,1040,649,0.1147
40.0400,1018,651,0.0758
40.0800,993,652,0.0317
40.1200,968,652,-0.0123
40.1600,942,651,-0.0582
40.2000,918,649,-0.1007
40.2400,896,647,-0.1397
40.2800,876,644,-0.1753
40.3200,860,641,-0.2040
40.3600,848,638,-0.2257
40.4000,841,636,-0.2386
40.4400,838,636,-0.2437
40.4800,841,636,-0.2386
40.5200,848,638,-0.2257
40.5600,859,641,-0.2057
40.6000,875,644,-0.1770
40.6400,894,647,-0.1431
40.6800,916,651,-0.1039
40.7200,940,653,-0.0615
40.7600,965,654,-0.0176
40.8000,991,654,0.0281
40.8400,1015,653,0.0703
40.8800,1037,651,0.1091
40.9200,1056,648,0.1429
40.9600,1072,645,0.1715
41.0000,1083,643,0.1912
41.0400,1090,642,0.2036
41.0800,1091,641,0.2057
41.1200,1087,641,0.1988
41.1600,1079,643,0.1843
41.2000,1066,645,0.1611
41.2400,1048,648,0.1289
41.2800,1028,651,0.0934
41.3200,1004,652,0.0511
41.3600,980,653,0.0088
41.4000,954,653,-0.0370
41.4400,930,651,-0.0793
41.4800,907,648,-0.1202
41.5200,886,645,-0.1576
41.5600,869,641,-0.1884
41.6000,855,638,-0.2137
41.6400,846,636,-0.2300
41.6800,842,635,-0.2373
41.7200,841,635,-0.2390
41.7600,846,636,-0.2300
41.8000,855,638,-0.2137
41.8400,868,641,-0.1901
41.8800,886,645,-0.1576
41.9200,906,648,-0.1219
41.9600,929,650,-0.0812
42.0000,953,652,-0.0388
42.0400,978,652,0.0053
42.0800,1002,651,0.0477
42.1200,1025,650,0.0883
42.1600,1046,648,0.1254
42.2000,1063,645,0.1559
42.2400,1076,643,0.1791
42.2800,1085,642,0.1950
42.3200,1088,641,0.2005
42.3600,1087,641,0.1988
42.4000,1081,643,0.1877
42.4400,1071,644,0.1701
42.4800,1056,647,0.1431
42.5200,1037,650,0.1093
42.5600,1015,652,0.0704
42.6000,992,653,0.0299
42.6400,967,653,-0.0141
42.6800,943,652,-0.0564
42.7200,919,650,-0.0988
42.7600,898,647,-0.1362
42.8000,879,645,-0.1698
42.8400,864,641,-0.1970
42.8800,853,639,-0.2168
42.9200,846,637,-0.2296
42.9600,843,636,-0.2351
43.0000,846,637,-0.2296
43.0400,852,639,-0.2185
43.0800,863,641,-0.1988
43.1200,879,644,-0.1701
43.1600,897,647,-0.1379
43.2000,919,650,-0.0988
43.2400,942,653,-0.0580
43.2800,966,654,-0.0158
43.3200,990,654,0.0264
43.3600,1014,653,0.0686
43.4000,1035,651,0.1056
43.4400,1054,649,0.1392
43.4800,1069,646,0.1660
43.5200,1079,644,0.1839
43.5600,1086,643,0.1964
43.6000,1087,643,0.1981
43.6400,1083,644,0.1909
43.6800,1075,645,0.1767
43.7200,1062,648,0.1533
43.7600,1045,650,0.1233
43.8000,1025,652,0.0880
43.8400,1003,654,0.0492
43.8800,979,654,0.0070
43.9200,955,654,-0.0351
43.9600,931,652,-0.0774
44.0000,908,650,-0.1180
44.0400,889,647,-0.1518
44.0800,872,643,-0.1825
44.1200,859,640,-0.2060
44.1600,850,638,-0.2223
44.2000,846,637,-0.2296
44.2400,846,637,-0.2296
44.2800,850,638,-0.2223
44.3200,859,640,-0.2060
44.3600,872,643,-0.1825
44.4000,889,646,-0.1521
44.4400,909,649,-0.1165
44.4800,931,652,-0.0774
44.5200,954,653,-0.0370
44.5600,979,653,0.0070
44.6000,1002,652,0.0476
44.6400,1024,651,0.0864
44.6800,1044,649,0.1217
44.7200,1061,647,0.1518
44.7600,1073,645,0.1732
44.8000,1082,643,0.1895
44.8400,1085,642,0.1950
44.8800,1084,643,0.1929
44.9200,1077,643,0.1808
44.9600,1067,646,0.1625
45.0000,1052,647,0.1362
45.0400,1034,650,0.1040
45.0800,1013,651,0.0670
45.1200,990,652,0.0264
45.1600,966,652,-0.0159
45.2000,942,651,-0.0582
45.2400,920,649,-0.0972
45.2800,899,647,-0.1344
45.3200,880,644,-0.1683
45.3600,866,642,-0.1932
45.4000,855,639,-0.2133
45.4400,849,637,-0.2244
45.4800,847,636,-0.2283
45.5200,849,637,-0.2244
45.5600,856,638,-0.2120
45.6000,867,641,-0.1919
45.6400,882,643,-0.1651
45.6800,900,646,-0.1329
45.7200,920,649,-0.0972
45.7600,943,651,-0.0565
45.8000,966,652,-0.0159
45.8400,990,652,0.0264
45.8800,1012,651,0.0653
45.9200,1033,649,0.1025
45.9600,1051,647,0.1344
46.0000,1065,645,0.1594
46.0400,1075,644,0.1770
46.0800,1081,643,0.1877
46.1200,1082,643,0.1895
46.1600,1079,643,0.1843
46.2000,1070,645,0.1680
46.2400,1058,647,0.1466
46.2800,1041,649,0.1165
46.3200,1022,651,0.0828
46.3600,1000,652,0.0441
46.4000,977,653,0.0035
46.4400,954,653,-0.0370
46.4800,931,652,-0.0774
46.5200,910,649,-0.1147
46.5600,891,647,-0.1484
46.6000,874,644,-0.1788
46.6400,862,641,-0.2005
46.6800,853,640,-0.2164
46.7200,849,639,-0.2236
46.7600,849,639,-0.2236
46.8000,854,639,-0.2150
46.8400,862,642,-0.2002
46.8800,876,644,-0.1753
46.9200,892,647,-0.1466
46.9600,911,650,-0.1128
47.0000,933,653,-0.0738
47.0400,956,654,-0.0334
47.0800,979,654,0.0070
47.1200,1002,654,0.0474
47.1600,1023,652,0.0845
47.2000,1042,650,0.1180
47.2400,1057,647,0.1449
47.2800,1069,645,0.1663
47.3200,1077,644,0.1805
47.3600,1080,643,0.1860
47.4000,1079,643,0.1843
47.4400,1073,644,0.1735
47.4800,1062,645,0.1541
47.5200,1048,648,0.1289
47.5600,1030,650,0.0970
47.6000,1010,652,0.0617
47.6400,988,652,0.0229
47.6800,965,652,-0.0176
47.7200,942,651,-0.0582
47.7600,920,649,-0.0972
47.8000,900,647,-0.1327
47.8400,883,644,-0.1631
47.8800,869,641,-0.1884
47.9200,858,639,-0.2081
47.9600,852,638,-0.2189
48.0000,850,637,-0.2227
48.0400,853,638,-0.2171
48.0800,859,640,-0.2060
48.1200,870,642,-0.1863
48.1600,885,645,-0.1594
48.2000,902,648,-0.1289
48.2400,923,651,-0.0916
48.2800,945,653,-0.0528
48.3200,967,654,-0.0141
48.3600,990,654,0.0264
48.4000,1012,653,0.0650
48.4400,1032,651,0.1004
48.4800,1049,649,0.1305
48.5200,1063,647,0.1553
48.5600,1072,646,0.1712
48.6000,1078,645,0.1819
48.6400,1079,644,0.1839
48.6800,1075,645,0.1767
48.7200,1067,646,0.1625
48.7600,1054,648,0.1394
48.8000,1038,650,0.1110
48.8400,1019,651,0.0776
48.8800,998,652,0.0405
48.9200,976,653,0.0018
48.9600,953,652,-0.0388
49.0000,931,651,-0.0776
49.0400,910,648,-0.1149
49.0800,892,645,-0.1471
49.1200,876,643,-0.1756
49.1600,864,640,-0.1974
49.2000,856,638,-0.2120
49.2400,853,638,-0.2171
49.2800,853,638,-0.2171
49.3200,857,639,-0.2099
49.3600,867,641,-0.1919
49.4000,879,643,-0.1704
49.4400,895,646,-0.1416
49.4800,914,649,-0.1077
49.5200,936,652,-0.0687
49.5600,958,653,-0.0299
49.6000,980,654,0.0088
49.6400,1002,654,0.0474
49.6800,1023,652,0.0845
49.7200,1041,651,0.1161
49.7600,1056,648,0.1429
49.8000,1067,647,0.1623
49.8400,1074,645,0.1750
49.8800,1077,645,0.1802
49.9200,1075,645,0.1767
49.9600,1069,646,0.1660
50.0000,1058,647,0.1466
50.0400,1044,649,0.1217
50.0800,1027,651,0.0916
50.1200,1007,652,0.0564
50.1600,985,652,0.0176
50.2000,963,652,-0.0212
50.2400,941,651,-0.0600
50.2800,920,649,-0.0972
50.3200,901,647,-0.1309
50.3600,885,644,-0.1596
50.4000,871,641,-0.1849
50.4400,861,639,-0.2029
50.4800,856,638,-0.2120
50.5200,854,638,-0.2154
50.5600,856,639,-0.2116
50.6000,863,640,-0.1991
50.6400,874,643,-0.1791
50.6800,888,645,-0.1541
50.7200,906,648,-0.1219
50.7600,925,651,-0.0881
50.8000,947,653,-0.0493
50.8400,969,654,-0.0105
50.8800,991,654,0.0281
50.9200,1012,653,0.0650
50.9600,1031,651,0.0986
51.0000,1047,650,0.1268
51.0400,1060,648,0.1498
51.0800,1070,646,0.1677
51.1200,1074,645,0.1750
51.1600,1075,645,0.1767
51.2000,1071,645,0.1698
51.2400,1062,646,0.1539
51.2800,1050,648,0.1324
51.3200,1034,650,0.1040
51.3600,1016,651,0.0723
51.4000,995,652,0.0353
51.4400,973,653,-0.0035
51.4800,951,652,-0.0423
51.5200,930,650,-0.0795
51.5600,910,648,-0.1149
51.6000,892,645,-0.1471
51.6400,877,643,-0.1739
51.6800,866,641,-0.1936
51.7200,859,640,-0.2060
51.7600,856,639,-0.2116
51.8000,857,639,-0.2099
51.8400,862,640,-0.2009
51.8800,871,642,-0.1846
51.9200,883,645,-0.1628
51.9600,899,647,-0.1344
52.0000,918,651,-0.1004
52.0400,938,653,-0.0650
52.0800,960,654,-0.0264
52.1200,981,654,0.0105
52.1600,1003,653,0.0493
52.2000,1022,652,0.0827
52.2400,1040,650,0.1145
52.2800,1054,649,0.1392
52.3200,1064,647,0.1571
52.3600,1071,645,0.1698
52.4000,1073,645,0.1732
52.4400,1071,645,0.1698
52.4800,1065,646,0.1591
52.5200,1054,647,0.1397
52.5600,1040,649,0.1147
52.6000,1023,651,0.0846
52.6400,1004,652,0.0511
52.6800,983,652,0.0141
52.7200,961,652,-0.0247
52.7600,940,651,-0.0618
52.8000,919,649,-0.0990
52.8400,901,647,-0.1309
52.8800,885,644,-0.1596
52.9200,872,642,-0.1829
52.9600,863,640,-0.1991
53.0000,858,639,-0.2081
53.0400,857,639,-0.2099
53.0800,860,640,-0.2043
53.1200,867,642,-0.1915
53.1600,878,644,-0.1718
53.2000,892,647,-0.1466
53.2400,909,649,-0.1165
53.2800,929,652,-0.0810
53.3200,950,653,-0.0440
53.3600,971,654,-0.0070
53.4000,993,654,0.0316
53.4400,1013,653,0.0668
53.4800,1031,651,0.0986
53.5200,1047,649,0.1270
53.5600,1059,647,0.1484
53.6000,1067,646,0.1625
53.6400,1071,645,0.1698
53.6800,1071,644,0.1701
53.7200,1067,645,0.1628
53.7600,1058,646,0.1469
53.8000,1046,648,0.1254
53.8400,1030,650,0.0970
53.8800,1012,652,0.0652
53.9200,991,652,0.0282
53.9600,970,652,-0.0088
54.0000,949,651,-0.0459
54.0400,928,650,-0.0830
54.0800,909,648,-0.1167
54.1200,893,646,-0.1451
54.1600,879,643,-0.1704
54.2000,869,641,-0.1884
54.2400,862,640,-0.2009
54.2800,859,639,-0.2064
54.3200,860,640,-0.2043
54.3600,865,641,-0.1953
54.4000,874,643,-0.1791
54.4400,887,646,-0.1556
54.4800,902,649,-0.1287
54.5200,921,651,-0.0951
54.5600,941,653,-0.0598
54.6000,962,654,-0.0228
54.6400,983,654,0.0141
54.6800,1004,654,0.0509
54.7200,1022,652,0.0827
54.7600,1039,650,0.1128
54.8000,1052,648,0.1359
54.8400,1062,647,0.1536
54.8800,1068,645,0.1646
54.9200,1070,645,0.1680
54.9600,1067,645,0.1628
55.0000,1060,646,0.1504
55.0400,1050,647,0.1327
55.0800,1036,649,0.1077
55.1200,1019,651,0.0776
55.1600,1000,652,0.0441
55.2000,980,652,0.0088
55.2400,959,652,-0.0282
55.2800,938,651,-0.0653
55.3200,919,649,-0.0990
55.3600,901,647,-0.1309
55.4000,886,644,-0.1579
55.4400,874,642,-0.1794
55.4800,865,640,-0.1957
55.5200,861,640,-0.2026
55.5600,860,639,-0.2047
55.6000,864,640,-0.1974
55.6400,871,642,-0.1846
55.6800,882,644,-0.1649
55.7200,896,647,-0.1397
55.7600,913,650,-0.1093
55.8000,931,652,-0.0774
55.8400,952,654,-0.0404
55.8800,973,654,-0.0035
55.9200,993,654,0.0316
55.9600,1013,653,0.0668
56.0000,1030,652,0.0967
56.0400,1045,650,0.1233
56.0800,1057,648,0.1446
56.1200,1064,647,0.1571
56.1600,1068,646,0.1643
56.2000,1068,646,0.1643
56.2400,1063,647,0.1553
56.2800,1054,648,0.1394
56.3200,1042,650,0.1180
56.3600,1026,651,0.0899
56.4000,1008,652,0.0581
56.4400,989,653,0.0246
56.4800,968,652,-0.0123
56.5200,947,652,-0.0493
56.5600,928,650,-0.0830
56.6000,909,648,-0.1167
56.6400,893,646,-0.1451
56.6800,880,643,-0.1686
56.7200,870,641,-0.1867
56.7600,865,640,-0.1957
56.8000,862,639,-0.2012
56.8400,864,639,-0.1977
56.8800,869,640,-0.1887
56.9200,878,642,-0.1724
56.9600,891,645,-0.1489
57.0000,906,648,-0.1219
57.0400,924,650,-0.0900
57.0800,943,652,-0.0564
57.1200,964,652,-0.0194
57.1600,984,653,0.0158
57.2000,1004,652,0.0511
57.2400,1022,651,0.0828
57.2800,1038,649,0.1112
57.3200,1051,648,0.1342
57.3600,1060,647,0.1501
57.4000,1066,646,0.1608
57.4400,1067,646,0.1625
57.4800,1064,647,0.1571
57.5200,1057,648,0.1446
57.5600,1047,649,0.1270
57.6000,1033,651,0.1021
57.6400,1016,653,0.0721
57.6800,997,654,0.0386
57.7200,977,654,0.0035
57.7600,957,654,-0.0316
57.8000,937,653,-0.0668
57.8400,918,651,-0.1004
57.8800,901,648,-0.1307
57.9200,887,646,-0.1556
57.9600,876,644,-0.1753
58.0000,868,642,-0.1898
58.0400,864,641,-0.1970
58.0800,864,641,-0.1970
58.1200,868,642,-0.1898
58.1600,875,643,-0.1773
58.2000,886,645,-0.1576
58.2400,900,647,-0.1327
58.2800,917,650,-0.1023
58.3200,935,651,-0.0706
58.3600,955,652,-0.0353
58.4000,975,653,0.0000
58.4400,995,652,0.0353
58.4800,1014,651,0.0688
58.5200,1030,650,0.0970
58.5600,1044,648,0.1219
58.6000,1055,647,0.1414
58.6400,1062,646,0.1539
58.6800,1065,645,0.1594
58.7200,1064,645,0.1576
58.7600,1059,646,0.1486
58.8000,1050,648,0.1324
58.8400,1037,649,0.1095
58.8800,1022,650,0.0830
58.9200,1005,652,0.0529
58.9600,986,652,0.0194
59.0000,966,652,-0.0159
59.0400,946,651,-0.0512
59.0800,927,650,-0.0848
59.1200,909,648,-0.1167
59.1600,894,645,-0.1436
59.2000,882,643,-0.1651
59.2400,873,641,-0.1814
59.2800,867,640,-0.1922
59.3200,866,640,-0.1939
59.3600,868,640,-0.1905
59.4000,873,641,-0.1814
59.4400,882,643,-0.1651
59.4800,895,645,-0.1419
59.5200,910,648,-0.1149
59.5600,928,650,-0.0830
59.6000,947,651,-0.0494
59.6400,966,652,-0.0159
59.6800,986,652,0.0194
59.7200,1005,651,0.0530
59.7600,1022,651,0.0828
59.8000,1037,649,0.1095
59.8400,1049,648,0.1307
59.8800,1058,647,0.1466
59.9200,1063,646,0.1556
59.9600,1063,646,0.1556
60.0000,1060,646,0.1504
60.0400,1053,647,0.1379
60.0800,1042,649,0.1182
60.1200,1028,650,0.0935
60.1600,1012,651,0.0653
60.2000,993,652,0.0317
60.2400,974,653,-0.0018
60.2800,954,652,-0.0370
60.3200,935,651,-0.0706
60.3600,917,649,-0.1025
60.4000,901,647,-0.1309
60.4400,888,644,-0.1544
60.4800,877,643,-0.1739
60.5200,870,642,-0.1863
60.5600,867,641,-0.1919
60.6000,867,641,-0.1919
60.6400,871,642,-0.1846
60.6800,878,643,-0.1721
60.7200,890,645,-0.1506
60.7600,904,647,-0.1257
60.8000,920,649,-0.0972
60.8400,938,651,-0.0653
60.8800,957,653,-0.0317
60.9200,977,653,0.0035
60.9600,996,652,0.0370
61.0000,1014,652,0.0687
61.0400,1029,650,0.0953
61.0800,1043,649,0.1200
61.1200,1052,648,0.1359
61.1600,1059,647,0.1484
61.2000,1061,646,0.1521
61.2400,1060,646,0.1504
61.2800,1055,647,0.1414
61.3200,1046,649,0.1252
61.3600,1033,650,0.1023
61.4000,1018,652,0.0757
61.4400,1001,653,0.0457
61.4800,982,653,0.0123
61.5200,963,653,-0.0211
61.5600,943,652,-0.0564
61.6000,925,650,-0.0883
61.6400,908,648,-0.1184
61.6800,894,646,-0.1434
61.7200,882,644,-0.1649
61.7600,874,642,-0.1794
61.8000,869,641,-0.1884
61.8400,868,641,-0.1901
61.8800,870,642,-0.1863
61.9200,876,643,-0.1756
61.9600,885,645,-0.1594
62.0000,898,646,-0.1364
62.0400,913,649,-0.1095
62.0800,931,650,-0.0777
62.1200,949,652,-0.0458
62.1600,968,652,-0.0123
62.2000,987,652,0.0212
62.2400,1005,652,0.0529
62.2800,1022,651,0.0828
62.3200,1036,649,0.1077
62.3600,1048,648,0.1289
62.4000,1056,647,0.1431
62.4400,1059,646,0.1486
62.4800,1060,646,0.1504
62.5200,1056,647,0.1431
62.5600,1049,648,0.1307
62.6000,1038,649,0.1112
62.6400,1025,651,0.0881
62.6800,1008,652,0.0581
62.7200,990,652,0.0264
62.7600,972,652,-0.0053
62.8000,953,652,-0.0388
62.8400,934,650,-0.0724
62.8800,917,648,-0.1027
62.9200,902,646,-0.1294
62.9600,889,644,-0.1526
63.0000,879,643,-0.1704
63.0400,873,641,-0.1814
63.0800,870,641,-0.1867
63.1200,871,641,-0.1849
63.1600,875,642,-0.1776
63.2000,883,643,-0.1634
63.2400,894,645,-0.1436
63.2800,908,647,-0.1187
63.3200,924,649,-0.0902
63.3600,942,651,-0.0582
63.4000,960,652,-0.0264
63.4400,979,652,0.0071
63.4800,998,652,0.0405
63.5200,1015,651,0.0706
63.5600,1030,650,0.0970
63.6000,1042,648,0.1184
63.6400,1051,648,0.1342
63.6800,1057,647,0.1449
63.7200,1058,646,0.1469
63.7600,1056,646,0.1434
63.8000,1051,647,0.1344
63.8400,1042,648,0.1184
63.8800,1029,650,0.0953
63.9200,1014,651,0.0688
63.9600,997,652,0.0388
64.0000,979,653,0.0070
64.0400,960,652,-0.0264
64.0800,942,651,-0.0582
64.1200,924,650,-0.0900
64.1600,908,648,-0.1184
64.2000,895,646,-0.1416
64.2400,884,644,-0.1614
64.2800,876,643,-0.1756
64.3200,872,642,-0.1829
64.3600,871,642,-0.1846
64.4000,874,643,-0.1791
64.4400,880,645,-0.1680
64.4800,890,646,-0.1504
64.5200,902,648,-0.1289
64.5600,918,650,-0.1005
64.6000,935,652,-0.0704
64.6400,953,654,-0.0386
64.6800,971,654,-0.0070
64.7200,990,654,0.0264
64.7600,1007,653,0.0563
64.8000,1023,652,0.0845
64.8400,1037,651,0.1091
64.8800,1047,650,0.1268
64.9200,1054,648,0.1394
64.9600,1058,648,0.1464
65.0000,1058,648,0.1464
65.0400,1054,649,0.1392
65.0800,1046,649,0.1252
65.1200,1035,651,0.1056
65.1600,1021,652,0.0810
65.2000,1005,653,0.0528
65.2400,987,653,0.0211
65.2800,969,653,-0.0106
65.3200,950,652,-0.0441
65.3600,932,651,-0.0758
65.4000,916,648,-0.1044
65.4400,901,647,-0.1309
65.4800,889,645,-0.1524
65.5200,880,643,-0.1686
65.5600,874,642,-0.1794
65.6000,872,642,-0.1829
65.6400,873,642,-0.1811
65.6800,878,643,-0.1721
65.7200,886,644,-0.1579
65.7600,897,646,-0.1382
65.8000,911,648,-0.1132
65.8400,927,650,-0.0848
65.8800,945,651,-0.0530
65.9200,963,652,-0.0212
65.9600,982,653,0.0123
66.0000,999,652,0.0423
66.0400,1016,651,0.0723
66.0800,1030,650,0.0970
66.1200,1042,648,0.1184
66.1600,1050,647,0.1327
66.2000,1055,647,0.1414
66.2400,1056,647,0.1431
66.2800,1054,647,0.1397
66.3200,1048,648,0.1289
66.3600,1038,649,0.1112
66.4000,1026,651,0.0899
66.4400,1011,652,0.0634
66.4800,994,653,0.0334
66.5200,977,654,0.0035
66.5600,958,653,-0.0299
66.6000,940,653,-0.0615
66.6400,923,651,-0.0916
66.6800,908,649,-0.1182
66.7200,895,647,-0.1414
66.7600,885,645,-0.1594
66.8000,878,644,-0.1718
66.8400,874,643,-0.1791
66.8800,873,643,-0.1808
66.9200,877,644,-0.1735
66.9600,883,645,-0.1628
67.0000,893,647,-0.1449
67.0400,905,649,-0.1235
67.0800,920,651,-0.0969
67.1200,937,652,-0.0669
67.1600,955,653,-0.0352
67.2000,973,653,-0.0035
67.2400,991,653,0.0282
67.2800,1008,652,0.0581
67.3200,1023,651,0.0846
67.3600,1036,649,0.1077
67.4000,1045,648,0.1237
67.4400,1052,647,0.1362
67.4800,1055,647,0.1414
67.5200,1054,647,0.1397
67.5600,1050,647,0.1327
67.6000,1042,649,0.1182
67.6400,1031,650,0.0988
67.6800,1017,651,0.0741
67.7200,1001,652,0.0458
67.7600,984,652,0.0159
67.8000,966,653,-0.0158
67.8400,948,651,-0.0477
67.8800,931,650,-0.0777
67.9200,915,648,-0.1062
67.9600,901,646,-0.1312
68.0000,890,644,-0.1509
68.0400,882,643,-0.1651
68.0800,876,642,-0.1759
68.1200,875,642,-0.1776
68.1600,876,643,-0.1756
68.2000,881,644,-0.1666
68.2400,890,646,-0.1504
68.2800,901,648,-0.1307
68.3200,915,650,-0.1058
68.3600,931,652,-0.0774
68.4000,948,653,-0.0475
68.4400,966,654,-0.0158
68.4800,984,654,0.0158
68.5200,1001,654,0.0457
68.5600,1017,653,0.0738
68.6000,1030,652,0.0967
68.6400,1041,650,0.1163
68.6800,1049,649,0.1305
68.7200,1053,649,0.1374
68.7600,1054,648,0.1394
68.8000,1051,648,0.1342
68.8400,1045,649,0.1235
68.8800,1035,650,0.1058
68.9200,1023,651,0.0846
68.9600,1008,652,0.0581
69.0000,991,652,0.0282
69.0400,973,653,-0.0035
69.0800,955,652,-0.0353
69.1200,938,651,-0.0653
69.1600,922,650,-0.0935
69.2000,907,648,-0.1202
69.2400,895,646,-0.1416
69.2800,886,644,-0.1579
69.3200,879,643,-0.1704
69.3600,876,642,-0.1759
69.4000,876,642,-0.1759
69.4400,880,643,-0.1686
69.4800,887,645,-0.1559
69.5200,897,646,-0.1382
69.5600,910,648,-0.1149
69.6000,925,650,-0.0883
69.6400,941,651,-0.0600
69.6800,958,652,-0.0300
69.7200,976,653,0.0018
69.7600,993,653,0.0317
69.8000,1009,652,0.0599
69.8400,1024,651,0.0864
69.8800,1035,650,0.1058
69.9200,1045,649,0.1235
69.9600,1050,649,0.1322
70.0000,1053,649,0.1374
70.0400,1051,649,0.1339
70.0800,1047,650,0.1268
70.1200,1038,651,0.1109
70.1600,1027,652,0.0915
70.2000,1013,653,0.0668
70.2400,997,654,0.0386
70.2800,980,654,0.0088
70.3200,963,654,-0.0211
70.3600,945,653,-0.0528
70.4000,929,652,-0.0810
70.4400,914,649,-0.1077
70.4800,901,647,-0.1309
70.5200,890,645,-0.1506
70.5600,882,644,-0.1649
70.6000,878,643,-0.1721
70.6400,877,643,-0.1739
70.6800,879,643,-0.1704
70.7200,884,644,-0.1614
70.7600,893,646,-0.1451
70.8000,904,647,-0.1257
70.8400,918,649,-0.1007
70.8800,934,650,-0.0724
70.9200,951,651,-0.0424
70.9600,968,652,-0.0123
71.0000,986,652,0.0194
71.0400,1002,652,0.0476
71.0800,1017,651,0.0741
71.1200,1030,650,0.0970
71.1600,1040,649,0.1147
71.2000,1047,648,0.1272
71.2400,1050,647,0.1327
71.2800,1051,647,0.1344
71.3200,1048,648,0.1289
71.3600,1041,649,0.1165
71.4000,1031,650,0.0988
71.4400,1019,651,0.0776
71.4800,1004,652,0.0511
71.5200,988,653,0.0229
71.5600,971,653,-0.0070
71.6000,953,653,-0.0387
71.6400,937,652,-0.0669
71.6800,921,650,-0.0953
71.7200,907,649,-0.1200
71.7600,896,647,-0.1397
71.8000,887,646,-0.1556
71.8400,881,645,-0.1663
71.8800,878,644,-0.1718
71.9200,879,645,-0.1698
71.9600,883,645,-0.1628
72.0000,890,647,-0.1501
72.0400,900,648,-0.1324
72.0800,913,650,-0.1093
72.1200,928,652,-0.0827
72.1600,944,653,-0.0545
72.2000,961,654,-0.0246
72.2400,978,654,0.0053
72.2800,995,653,0.0352
72.3200,1010,652,0.0617
72.3600,1024,651,0.0864
72.4000,1035,650,0.1058
72.4400,1043,649,0.1200
72.4800,1048,648,0.1289
72.5200,1050,648,0.1324
72.5600,1048,648,0.1289
72.6000,1043,649,0.1200
72.6400,1035,649,0.1060
72.6800,1023,651,0.0846
72.7200,1010,651,0.0618
72.7600,994,652,0.0335
72.8000,978,652,0.0053
72.8400,961,652,-0.0247
72.8800,944,651,-0.0547
72.9200,928,650,-0.0830
72.9600,913,648,-0.1097
73.0000,901,647,-0.1309
73.0400,891,645,-0.1489
73.0800,884,644,-0.1614
73.1200,880,643,-0.1686
73.1600,879,643,-0.1704
73.2000,882,644,-0.1649
73.2400,888,645,-0.1541
73.2800,896,646,-0.1399
73.3200,908,648,-0.1184
73.3600,922,650,-0.0935
73.4000,937,651,-0.0670
73.4400,954,652,-0.0370
73.4800,971,653,-0.0070
73.5200,987,653,0.0211
73.5600,1003,653,0.0493
73.6000,1018,652,0.0757
73.6400,1030,651,0.0969
73.6800,1039,650,0.1128
73.7200,1046,649,0.1252
73.7600,1049,649,0.1305
73.8000,1049,649,0.1305
73.8400,1045,650,0.1233
73.8800,1038,650,0.1110
73.9200,1028,651,0.0934
73.9600,1015,653,0.0703
74.0000,1001,653,0.0457
74.0400,985,654,0.0176
74.0800,968,654,-0.0123
74.1200,951,653,-0.0422
74.1600,935,652,-0.0704
74.2000,920,651,-0.0969
74.2400,906,649,-0.1217
74.2800,895,647,-0.1414
74.3200,887,646,-0.1556
74.3600,882,645,-0.1646
74.4000,879,645,-0.1698
74.4400,880,645,-0.1680
74.4800,885,646,-0.1591
74.5200,892,647,-0.1466
74.5600,903,648,-0.1272
74.6000,915,650,-0.1058
74.6400,930,652,-0.0792
74.6800,946,653,-0.0510
74.7200,963,653,-0.0211
74.7600,979,653,0.0070
74.8000,995,653,0.0352
74.8400,1010,652,0.0617
74.8800,1023,651,0.0846
74.9200,1034,650,0.1040
74.9600,1042,649,0.1182
75.0000,1046,648,0.1254
75.0400,1048,648,0.1289
75.0800,1046,648,0.1254
75.1200,1040,649,0.1147
75.1600,1032,650,0.1005
75.2000,1020,651,0.0793
75.2400,1007,652,0.0564
75.2800,992,652,0.0300
75.3200,975,653,0.0000
75.3600,959,652,-0.0282
75.4000,942,651,-0.0582
75.4400,927,650,-0.0848
75.4800,913,648,-0.1097
75.5200,901,646,-0.1312
75.5600,892,645,-0.1471
75.6000,886,644,-0.1579
75.6400,882,643,-0.1651
75.6800,882,643,-0.1651
75.7200,885,644,-0.1596
75.7600,891,645,-0.1489
75.8000,900,646,-0.1329
75.8400,911,648,-0.1132
75.8800,925,650,-0.0883
75.9200,940,651,-0.0618
75.9600,956,652,-0.0335
76.0000,973,652,-0.0035
76.0400,989,652,0.0247
76.0800,1004,652,0.0511
76.1200,1018,651,0.0758
76.1600,1029,650,0.0953
76.2000,1038,649,0.1112
76.2400,1044,648,0.1219
76.2800,1046,648,0.1254
76.3200,1046,648,0.1254
76.3600,1042,649,0.1182
76.4000,1035,649,0.1060
76.4400,1024,650,0.0865
76.4800,1012,651,0.0653
76.5200,998,652,0.0405
76.5600,982,652,0.0123
76.6000,966,652,-0.0159
76.6400,949,651,-0.0459
76.6800,934,650,-0.0724
76.7200,919,649,-0.0990
76.7600,907,647,-0.1204
76.8000,896,645,-0.1401
76.8400,889,644,-0.1526
76.8800,884,644,-0.1614
76.9200,883,643,-0.1634
76.9600,884,644,-0.1614
77.0000,889,644,-0.1526
77.0400,896,646,-0.1399
77.0800,907,647,-0.1204
77.1200,919,649,-0.0990
77.1600,934,650,-0.0724
77.2000,949,652,-0.0458
77.2400,965,652,-0.0176
77.2800,982,652,0.0123
77.3200,997,652,0.0388
77.3600,1011,652,0.0634
77.4000,1024,651,0.0864
77.4400,1034,650,0.1040
77.4800,1041,649,0.1165
77.5200,1045,649,0.1235
77.5600,1045,648,0.1237
77.6000,1043,649,0.1200
77.6400,1037,649,0.1095
77.6800,1028,650,0.0935
77.7200,1017,651,0.0741
77.7600,1003,652,0.0493
77.8000,988,653,0.0229
77.8400,972,653,-0.0053
77.8800,956,652,-0.0335
77.9200,940,651,-0.0618
77.9600,926,650,-0.0865
78.0000,912,648,-0.1114
78.0400,901,647,-0.1309
78.0800,892,645,-0.1471
78.1200,887,644,-0.1561
78.1600,884,644,-0.1614
78.2000,884,644,-0.1614
78.2400,887,645,-0.1559
78.2800,894,646,-0.1434
78.3200,903,647,-0.1274
78.3600,914,649,-0.1077
78.4000,928,650,-0.0830
78.4400,942,652,-0.0581
78.4800,958,653,-0.0299
78.5200,975,653,0.0000
78.5600,990,653,0.0264
78.6000,1005,652,0.0529
78.6400,1018,651,0.0758
78.6800,1029,650,0.0953
78.7200,1037,649,0.1095
78.7600,1042,649,0.1182
78.8000,1045,648,0.1237
78.8400,1043,648,0.1202
78.8800,1039,649,0.1130
78.9200,1032,650,0.1005
78.9600,1021,651,0.0811
79.0000,1009,651,0.0600
79.0400,994,652,0.0335
79.0800,979,652,0.0071
79.1200,963,652,-0.0212
79.1600,947,651,-0.0494
79.2000,932,650,-0.0760
79.2400,918,648,-0.1009
79.2800,906,647,-0.1222
79.3200,897,646,-0.1382
79.3600,890,645,-0.1506
79.4000,886,644,-0.1579
79.4400,884,644,-0.1614
79.4800,887,644,-0.1561
79.5200,891,645,-0.1489
79.5600,899,646,-0.1347
79.6000,910,648,-0.1149
79.6400,922,649,-0.0937
79.6800,937,651,-0.0670
79.7200,952,652,-0.0405
79.7600,968,652,-0.0123
79.8000,984,652,0.0159
79.8400,999,652,0.0423
79.8800,1012,651,0.0653
79.9200,1024,650,0.0865
79.9600,1034,649,0.1042
80.0000,1040,648,0.1149
80.0400,1043,648,0.1202
80.0800,1044,648,0.1219
80.1200,1040,648,0.1149
80.1600,1034,649,0.1042
80.2000,1025,650,0.0883
80.2400,1014,651,0.0688
80.2800,1000,651,0.0441
80.3200,986,652,0.0194
80.3600,970,652,-0.0088
80.4000,954,651,-0.0371
80.4400,939,651,-0.0635
80.4800,925,649,-0.0884
80.5200,912,648,-0.1114
80.5600,901,646,-0.1312
80.6000,893,645,-0.1454
80.6400,888,645,-0.1541
80.6800,885,645,-0.1594
80.7200,886,645,-0.1576
80.7600,890,645,-0.1506
80.8000,896,646,-0.1399
80.8400,906,648,-0.1219
80.8800,917,649,-0.1025
80.9200,931,650,-0.0777
80.9600,945,652,-0.0529
81.0000,961,652,-0.0247
81.0400,977,653,0.0035
81.0800,992,652,0.0300
81.1200,1006,652,0.0546
81.1600,1018,651,0.0758
81.2000,1028,651,0.0934
81.2400,1036,650,0.1075
81.2800,1041,649,0.1165
81.3200,1042,649,0.1182
81.3600,1040,649,0.1147
81.4000,1036,650,0.1075
81.4400,1028,651,0.0934
81.4800,1018,652,0.0757
81.5200,1005,653,0.0528
81.5600,991,653,0.0282
81.6000,976,654,0.0018
81.6400,960,653,-0.0264
81.6800,945,653,-0.0528
81.7200,930,652,-0.0792
81.7600,917,650,-0.1023
81.8000,905,649,-0.1235
81.8400,896,647,-0.1397
81.8800,890,646,-0.1504
81.9200,887,646,-0.1556
81.9600,886,646,-0.1573
82.0000,888,646,-0.1539
82.0400,894,647,-0.1431
82.0800,902,648,-0.1289
82.1200,913,650,-0.1093
82.1600,925,651,-0.0881
82.2000,940,653,-0.0615
82.2400,955,654,-0.0351
82.2800,970,654,-0.0088
82.3200,986,654,0.0193
82.3600,1000,653,0.0440
82.4000,1014,653,0.0686
82.4400,1025,651,0.0881
82.4800,1033,651,0.1021
82.5200,1039,650,0.1128
82.5600,1042,649,0.1182
82.6000,1041,649,0.1165
82.6400,1038,649,0.1112
82.6800,1031,650,0.0988
82.7200,1022,650,0.0830
82.7600,1011,651,0.0635
82.8000,997,652,0.0388
82.8400,983,652,0.0141
82.8800,968,652,-0.0123
82.9200,952,652,-0.0405
82.9600,937,651,-0.0670
83.0000,923,650,-0.0918
83.0400,911,648,-0.1132
83.0800,901,647,-0.1309
83.1200,894,646,-0.1434
83.1600,889,645,-0.1524
83.2000,887,644,-0.1561
83.2400,888,644,-0.1544
83.2800,892,645,-0.1471
83.3200,899,646,-0.1347
83.3600,908,648,-0.1184
83.4000,920,649,-0.0972
83.4400,934,651,-0.0723
83.4800,948,652,-0.0476
83.5200,964,652,-0.0194
83.5600,979,653,0.0070
83.6000,994,652,0.0335
83.6400,1007,652,0.0564
83.6800,1019,651,0.0776
83.7200,1029,650,0.0953
83.7600,1036,649,0.1077
83.8000,1040,649,0.1147
83.8400,1041,649,0.1165
83.8800,1039,649,0.1130
83.9200,1034,650,0.1040
83.9600,1026,651,0.0899
84.0000,1015,652,0.0704
84.0400,1003,653,0.0493
84.0800,989,653,0.0246
84.1200,974,653,-0.0018
84.1600,959,653,-0.0282
84.2000,944,653,-0.0545
84.2400,929,651,-0.0811
84.2800,916,650,-0.1040
84.3200,906,649,-0.1217
84.3600,897,648,-0.1377
84.4000,891,647,-0.1484
84.4400,888,646,-0.1539
84.4800,888,647,-0.1536
84.5200,891,647,-0.1484
84.5600,897,648,-0.1377
84.6000,905,649,-0.1235
84.6400,916,650,-0.1040
84.6800,929,652,-0.0810
84.7200,943,653,-0.0563
84.7600,958,653,-0.0299
84.8000,973,654,-0.0035
84.8400,988,653,0.0229
84.8800,1002,653,0.0475
84.9200,1014,652,0.0687
84.9600,1024,651,0.0864
85.0000,1032,650,0.1005
85.0400,1037,649,0.1095
85.0800,1039,649,0.1130
85.1200,1039,649,0.1130
85.1600,1035,649,0.1060
85.2000,1028,650,0.0935
85.2400,1018,650,0.0760
85.2800,1007,651,0.0565
85.3200,994,651,0.0336
85.3600,980,652,0.0088
85.4000,965,652,-0.0176
85.4400,950,651,-0.0441
85.4800,935,650,-0.0707
85.5200,922,649,-0.0937
85.5600,911,647,-0.1134
85.6000,902,646,-0.1294
85.6400,895,645,-0.1419
85.6800,890,645,-0.1506
85.7200,889,645,-0.1524
85.7600,891,645,-0.1489
85.8000,895,646,-0.1416
85.8400,902,647,-0.1292
85.8800,912,648,-0.1114
85.9200,923,650,-0.0918
85.9600,937,651,-0.0670
86.0000,951,652,-0.0423
86.0400,966,652,-0.0159
86.0800,981,653,0.0106
86.1200,995,653,0.0352
86.1600,1008,652,0.0581
86.2000,1019,651,0.0776
86.2400,1028,651,0.0934
86.2800,1034,651,0.1039
86.3200,1038,650,0.1110
86.3600,1038,650,0.1110
86.4000,1035,651,0.1056
86.4400,1030,651,0.0969
86.4800,1022,652,0.0827
86.5200,1011,653,0.0633
86.5600,999,654,0.0422
86.6000,985,654,0.0176
86.6400,971,654,-0.0070
86.6800,956,653,-0.0334
86.7200,941,653,-0.0598
86.7600,928,651,-0.0828
86.8000,916,650,-0.1040
86.8400,905,649,-0.1235
86.8800,898,647,-0.1362
86.9200,893,647,-0.1449
86.9600,891,646,-0.1486
87.0000,891,646,-0.1486
87.0400,894,647,-0.1431
87.0800,900,647,-0.1327
87.1200,909,648,-0.1167
87.1600,920,650,-0.0970
87.2000,932,651,-0.0758
87.2400,946,652,-0.0511
87.2800,961,652,-0.0247
87.3200,975,653,0.0000
87.3600,990,652,0.0264
87.4000,1003,652,0.0493
87.4400,1015,651,0.0706
87.4800,1025,650,0.0883
87.5200,1032,649,0.1007
87.5600,1036,649,0.1077
87.6000,1038,649,0.1112
87.6400,1037,649,0.1095
87.6800,1032,649,0.1007
87.7200,1025,650,0.0883
87.7600,1015,651,0.0706
87.8000,1004,651,0.0512
87.8400,991,652,0.0282
87.8800,976,652,0.0018
87.9200,962,652,-0.0229
87.9600,947,651,-0.0494
88.0000,933,650,-0.0742
88.0400,921,649,-0.0955
88.0800,910,648,-0.1149
88.1200,901,647,-0.1309
88.1600,895,646,-0.1416
88.2000,891,646,-0.1486
88.2400,891,645,-0.1489
88.2800,893,646,-0.1451
88.3200,898,647,-0.1362
88.3600,905,648,-0.1237
88.4000,915,649,-0.1060
88.4400,927,650,-0.0848
88.4800,940,652,-0.0617
88.5200,955,653,-0.0352
88.5600,969,653,-0.0106
88.6000,984,653,0.0158
88.6400,998,653,0.0405
88.6800,1010,652,0.0617
88.7200,1020,652,0.0792
88.7600,1029,651,0.0951
88.8000,1034,651,0.1039
88.8400,1037,651,0.1091
88.8800,1037,651,0.1091
88.9200,1034,651,0.1039
88.9600,1028,652,0.0932
89.0000,1019,652,0.0774
89.0400,1009,653,0.0598
89.0800,996,654,0.0369
89.1200,983,654,0.0141
89.1600,968,654,-0.0123
89.2000,954,653,-0.0370
89.2400,940,652,-0.0617
89.2800,927,651,-0.0846
89.3200,915,650,-0.1058
89.3600,905,649,-0.1235
89.4000,898,648,-0.1359
89.4400,894,647,-0.1431
89.4800,892,647,-0.1466
89.5200,892,647,-0.1466
89.5600,896,647,-0.1397
89.6000,903,648,-0.1272
89.6400,911,649,-0.1130
89.6800,922,650,-0.0935
89.7200,935,652,-0.0704
89.7600,948,652,-0.0476
89.8000,963,653,-0.0211
89.8400,977,653,0.0035
89.8800,991,653,0.0282
89.9200,1004,652,0.0511
89.9600,1015,651,0.0706
